{"0": {"MSE": 0.15264902437096656, "SMAPE": 11.393293871358562, "MAPE": 12.156806303108853, "MSE-train": 0.17116460405352577, "SMAPE-train": 11.824809231075003, "MAPE-train": 12.43716856232042}, "1": {"MSE": 0.13716406981472412, "SMAPE": 10.78599525195647, "MAPE": 10.805588337202433, "MSE-train": 0.1790161303073951, "SMAPE-train": 12.132735291616905, "MAPE-train": 13.122293164751841}, "2": {"MSE": 0.2061365821277217, "SMAPE": 12.893303609596925, "MAPE": 14.115365365298924, "MSE-train": 0.14490654709284534, "SMAPE-train": 11.089644561657515, "MAPE-train": 11.481197320155642}, "mean": {"MSE": 0.16531655877113746, "SMAPE": 11.690864244303986, "MAPE": 12.359253335203405, "MSE-train": 0.16502909381792208, "SMAPE-train": 11.68239636144981, "MAPE-train": 12.346886349075968}}