{"0": {"MSE": 0.017643212600419757, "SMAPE": 4.249916907838811, "MAPE": 4.436618924295003, "MSE-train": 0.020121602936224937, "SMAPE-train": 4.503424685170303, "MAPE-train": 4.619432980860851}, "1": {"MSE": 0.018066902226452228, "SMAPE": 4.104465190462639, "MAPE": 4.164184758724152, "MSE-train": 0.019909758123208696, "SMAPE-train": 4.576150543858389, "MAPE-train": 4.755650063646277}, "2": {"MSE": 0.022176303645997642, "SMAPE": 4.902384179877967, "MAPE": 5.074681202997549, "MSE-train": 0.017855057413435987, "SMAPE-train": 4.177191049150725, "MAPE-train": 4.3004018415095775}, "mean": {"MSE": 0.019295472824289877, "SMAPE": 4.418922092726472, "MAPE": 4.558494962005568, "MSE-train": 0.019295472824289873, "SMAPE-train": 4.418922092726472, "MAPE-train": 4.558494962005569}}