{"0": {"MSE": 0.0180649092608559, "SMAPE": 7.206948318190261, "MAPE": 7.812078262580194, "MSE-train": 0.013285323759689929, "SMAPE-train": 7.123762861393622, "MAPE-train": 8.707800012466347}, "1": {"MSE": 0.01343364523840377, "SMAPE": 9.003356860901103, "MAPE": 12.058371680339338, "MSE-train": 0.015600955770915999, "SMAPE-train": 6.225558590038202, "MAPE-train": 6.584653303586776}, "2": {"MSE": 0.013137002280976091, "SMAPE": 5.244168861886143, "MAPE": 5.357228344593354, "MSE-train": 0.015749277249629837, "SMAPE-train": 8.10515258954568, "MAPE-train": 9.935224971459766}, "mean": {"MSE": 0.014878518926745255, "SMAPE": 7.151491346992503, "MAPE": 8.40922609583763, "MSE-train": 0.014878518926745255, "SMAPE-train": 7.1514913469925006, "MAPE-train": 8.40922609583763}}