{"0": {"MSE": 0.12943678503259554, "SMAPE": 10.471345315608172, "MAPE": 10.981263106995181, "MSE-train": 0.12946409888621485, "SMAPE-train": 10.67379986519406, "MAPE-train": 11.088625293053077}, "1": {"MSE": 0.10950475522563366, "SMAPE": 10.12729639650998, "MAPE": 10.069938336328349, "MSE-train": 0.1395704801967871, "SMAPE-train": 10.848247204455117, "MAPE-train": 11.550705458461612}, "2": {"MSE": 0.14999370950852697, "SMAPE": 11.23591771869769, "MAPE": 12.136417591398512, "MSE-train": 0.1194707701291146, "SMAPE-train": 10.299320856059078, "MAPE-train": 10.525600721661766}, "mean": {"MSE": 0.1296450832555854, "SMAPE": 10.611519810271949, "MAPE": 11.06253967824068, "MSE-train": 0.12950178307070553, "SMAPE-train": 10.60712264190275, "MAPE-train": 11.054977157725487}}