,Feature,Importance,Percentage
0,salty_low_int,0.7194827987244893,71.95
1,sour_high_int,0.2805172012755107,28.05
