{"0": {"MSE": 0.2103569854248813, "SMAPE": 13.196415050437455, "MAPE": 16.810615522425216, "MSE-train": 0.2523089776051316, "SMAPE-train": 15.291426482566576, "MAPE-train": 17.343860951829836}, "1": {"MSE": 0.28415243520142824, "SMAPE": 16.101767003270883, "MAPE": 19.27860796589915, "MSE-train": 0.21489156645082616, "SMAPE-train": 13.818290281129906, "MAPE-train": 16.092484501617697}, "2": {"MSE": 0.21955570693465518, "SMAPE": 14.457933375556435, "MAPE": 15.353835451644255, "MSE-train": 0.24725471031315482, "SMAPE-train": 14.64909102685417, "MAPE-train": 18.044611744162182}, "mean": {"MSE": 0.23802170918698826, "SMAPE": 14.585371809754925, "MAPE": 17.147686313322875, "MSE-train": 0.23815175145637088, "SMAPE-train": 14.586269263516884, "MAPE-train": 17.160319065869903}}