{"0": {"MSE": 0.02761126139237904, "SMAPE": 7.999474292565802, "MAPE": 10.790766620439994, "MSE-train": 0.020259206934472383, "SMAPE-train": 5.066031538398114, "MAPE-train": 5.180505444458077}, "1": {"MSE": 0.02146669534823432, "SMAPE": 5.471309770226853, "MAPE": 5.631233289030931, "MSE-train": 0.023331489956544747, "SMAPE-train": 6.33011379956759, "MAPE-train": 7.760272110162608}, "2": {"MSE": 0.019051718520710446, "SMAPE": 4.660753306569378, "MAPE": 4.729777599885224, "MSE-train": 0.02453897837030668, "SMAPE-train": 6.7353920313963265, "MAPE-train": 8.210999954735462}, "mean": {"MSE": 0.022709891753774605, "SMAPE": 6.043845789787344, "MAPE": 7.050592503118717, "MSE-train": 0.022709891753774605, "SMAPE-train": 6.043845789787343, "MAPE-train": 7.050592503118715}}