{"0": {"MSE": 0.2236146660978004, "SMAPE": 14.163385246728216, "MAPE": 17.415411655374236, "MSE-train": 0.2879170883688013, "SMAPE-train": 15.878241868475115, "MAPE-train": 18.249819132615496}, "1": {"MSE": 0.30710508957843946, "SMAPE": 15.94849082486505, "MAPE": 20.208745991395254, "MSE-train": 0.24558391589974493, "SMAPE-train": 14.973117913363478, "MAPE-train": 16.833480596041454}, "2": {"MSE": 0.26818085855317353, "SMAPE": 15.805985799045471, "MAPE": 16.23492293501346, "MSE-train": 0.2653598778381199, "SMAPE-train": 15.055938035796634, "MAPE-train": 18.81207882338475}, "mean": {"MSE": 0.2663002047431378, "SMAPE": 15.305953956879579, "MAPE": 17.953026860594317, "MSE-train": 0.266286960702222, "SMAPE-train": 15.302432605878408, "MAPE-train": 17.9651261840139}}